{"acc": 0.8388489441404088, "loss": 0.17032550983060585, "_timestamp": 1688066254.618027, "_runtime": 0.34691596031188965, "_step": 97, "_wandb": {"runtime": 0}}