{"acc": 0.738894005660109, "loss": 0.2684662673476289, "_timestamp": 1688065544.2735229, "_runtime": 0.5607397556304932, "_step": 7, "_wandb": {"runtime": 0}}